<?xml version="1.0" encoding="utf-8" ?>
<dwsync>
<file name="search.css" server="C:/xampp/htdocs" local="132700914717406246" remote="132700914710000000" Dst="0" />
<file name="bootstrap.min.css" server="C:/xampp/htdocs" local="132700914716827783" remote="132700914710000000" Dst="0" />
<file name="header_blu.css" server="C:/xampp/htdocs" local="132701109734429339" remote="132701109730000000" Dst="0" />
<file name="mainbody_blu.css" server="C:/xampp/htdocs" local="132701127923144660" remote="132701127920000000" Dst="0" />
<file name="footer_blu.css" server="C:/xampp/htdocs" local="132700914717057476" remote="132700914710000000" Dst="0" />
<file name="style.css" server="C:/xampp/htdocs" local="132701780203991863" remote="132701780200000000" Dst="0" />
<file name="calendar.css" server="C:/xampp/htdocs/" local="132700914716947744" remote="132700914710000000" Dst="0" />
<file name="search.css" server="C:/xampp/htdocs/" local="132700914717406246" remote="132700914710000000" Dst="0" />
<file name="bootstrap.min.css" server="C:/xampp/htdocs/" local="132700914716827783" remote="132700914710000000" Dst="0" />
<file name="header_blu.css" server="C:/xampp/htdocs/" local="132701109734429339" remote="132701109730000000" Dst="0" />
<file name="mainbody_blu.css" server="C:/xampp/htdocs/" local="132701127923144660" remote="132701127920000000" Dst="0" />
<file name="footer_blu.css" server="C:/xampp/htdocs/" local="132700914717057476" remote="132700914710000000" Dst="0" />
<file name="style.css" server="C:/xampp/htdocs/" local="132701861534482666" remote="132701861530000000" Dst="0" />
</dwsync>