<?xml version="1.0" encoding="utf-8" ?>
<dwsync>
<file name="hks_202103_05_camp_480.png" server="C:/xampp/htdocs" local="132700914720039549" remote="132700914720000000" Dst="0" />
<file name="liqui_moly_dpf_480.png" server="C:/xampp/htdocs" local="132700914720169146" remote="132700914720000000" Dst="0" />
<file name="mahle_ozone_pro_480.png" server="C:/xampp/htdocs" local="132700914720288523" remote="132700914720000000" Dst="0" />
<file name="tire_wheel_480.png" server="C:/xampp/htdocs" local="132700914720418187" remote="132700914720000000" Dst="0" />
<file name="8800_480.jpg" server="C:/xampp/htdocs" local="132693341788313165" remote="132693341780000000" Dst="0" />
<file name="hks_202103_05_camp_480.png" server="C:/xampp/htdocs/" local="132700914720039549" remote="132700914720000000" Dst="0" />
<file name="liqui_moly_dpf_480.png" server="C:/xampp/htdocs/" local="132700914720169146" remote="132700914720000000" Dst="0" />
<file name="mahle_ozone_pro_480.png" server="C:/xampp/htdocs/" local="132700914720288523" remote="132700914720000000" Dst="0" />
<file name="tire_wheel_480.png" server="C:/xampp/htdocs/" local="132700914720418187" remote="132700914720000000" Dst="0" />
</dwsync>