<?xml version="1.0" encoding="utf-8" ?>
<dwsync>
<file name="1.jpg" server="C:/xampp/htdocs" local="132694297063623337" remote="132694297060000000" Dst="0" />
<file name="2.jpg" server="C:/xampp/htdocs" local="132694265154858460" remote="132694265150000000" Dst="0" />
<file name="3.jpg" server="C:/xampp/htdocs" local="132696589025239485" remote="132696589020000000" Dst="0" />
<file name="4.jpg" server="C:/xampp/htdocs" local="132694220735686169" remote="132694220730000000" Dst="0" />
<file name="1.png" server="C:/xampp/htdocs/" local="132700914710000000" remote="132700914710000000" Dst="0" />
<file name="2.png" server="C:/xampp/htdocs/" local="132700914710000000" remote="132700914710000000" Dst="0" />
<file name="3.png" server="C:/xampp/htdocs/" local="132700914710000000" remote="132700914710000000" Dst="0" />
<file name="4.png" server="C:/xampp/htdocs/" local="132700914710000000" remote="132700914710000000" Dst="0" />
</dwsync>