<?xml version="1.0" encoding="utf-8" ?>
<dwsync>
<file name="Daco_4829759.png" server="C:/xampp/htdocs" local="132700914717655847" remote="132700914710000000" Dst="0" />
<file name="blue_arrow.svg" server="C:/xampp/htdocs" local="132700914718014893" remote="132700914710000000" Dst="0" />
<file name="white_arrow.svg" server="C:/xampp/htdocs" local="132700914718752919" remote="132700914710000000" Dst="0" />
<file name="factory.png" server="C:/xampp/htdocs" local="132700914718184159" remote="132700914710000000" Dst="0" />
<file name="black_arrow.svg" server="C:/xampp/htdocs" local="132700914717905267" remote="132700914710000000" Dst="0" />
<file name="heiwajima.png" server="C:/xampp/htdocs" local="132700914718343716" remote="132700914710000000" Dst="0" />
<file name="ichinoe.png" server="C:/xampp/htdocs" local="132700914718513552" remote="132700914710000000" Dst="0" />
<file name="opg.png" server="C:/xampp/htdocs" local="132700914718623265" remote="132700914710000000" Dst="0" />
<file name="200placeholder.svg" server="C:/xampp/htdocs" local="132700914717555832" remote="132700914710000000" Dst="0" />
<file name="arrow.svg" server="C:/xampp/htdocs/" local="132700914717775235" remote="132700914710000000" Dst="0" />
<file name="Daco_4829759.png" server="C:/xampp/htdocs/" local="132700914717655847" remote="132700914710000000" Dst="0" />
<file name="blue_arrow.svg" server="C:/xampp/htdocs/" local="132700914718014893" remote="132700914710000000" Dst="0" />
<file name="200placeholder.svg" server="C:/xampp/htdocs/" local="132700914717555832" remote="132700914710000000" Dst="0" />
<file name="factory.png" server="C:/xampp/htdocs/" local="132700914718184159" remote="132700914710000000" Dst="0" />
<file name="black_arrow.svg" server="C:/xampp/htdocs/" local="132700914717905267" remote="132700914710000000" Dst="0" />
<file name="heiwajima.png" server="C:/xampp/htdocs/" local="132700914718343716" remote="132700914710000000" Dst="0" />
<file name="ichinoe.png" server="C:/xampp/htdocs/" local="132700914718513552" remote="132700914710000000" Dst="0" />
<file name="opg.png" server="C:/xampp/htdocs/" local="132700914718623265" remote="132700914710000000" Dst="0" />
</dwsync>