<?xml version="1.0" encoding="utf-8" ?>
<dwsync>
<file name="suspension_2.gif" server="C:/xampp/htdocs" local="132700914898333046" remote="132700914890000000" Dst="0" />
<file name="drive_2.gif" server="C:/xampp/htdocs" local="132700914896565645" remote="132700914890000000" Dst="0" />
<file name="cooling_2.gif" server="C:/xampp/htdocs" local="132700914896230743" remote="132700914890000000" Dst="0" />
<file name="brake_2.gif" server="C:/xampp/htdocs" local="132700914895677861" remote="132700914890000000" Dst="0" />
<file name="arm_2.gif" server="C:/xampp/htdocs" local="132700914895242560" remote="132700914890000000" Dst="0" />
<file name="body_2.gif" server="C:/xampp/htdocs" local="132700914895452972" remote="132700914890000000" Dst="0" />
<file name="ex_2.gif" server="C:/xampp/htdocs" local="132700914897014965" remote="132700914890000000" Dst="0" />
<file name="intake_2.gif" server="C:/xampp/htdocs" local="132700914897450337" remote="132700914890000000" Dst="0" />
<file name="interior_2.gif" server="C:/xampp/htdocs" local="132700914897669459" remote="132700914890000000" Dst="0" />
<file name="engine_2.gif" server="C:/xampp/htdocs" local="132700914896804997" remote="132700914890000000" Dst="0" />
<file name="other_2.gif" server="C:/xampp/htdocs" local="132700914898008541" remote="132700914890000000" Dst="0" />
<file name="buy_2.gif" server="C:/xampp/htdocs" local="132700914895921585" remote="132700914890000000" Dst="0" />
<file name="sus.jpg" server="C:/xampp/htdocs" local="132701155239211593" remote="132701155230000000" Dst="0" />
<file name="clutch.jpg" server="C:/xampp/htdocs" local="132701156097220233" remote="132701156090000000" Dst="0" />
<file name="cooling.jpg" server="C:/xampp/htdocs" local="132701156323849753" remote="132701156320000000" Dst="0" />
<file name="brake.jpg" server="C:/xampp/htdocs" local="132701160567338520" remote="132701160560000000" Dst="0" />
<file name="title_main.gif" server="C:/xampp/htdocs" local="132700914899562777" remote="132700914890000000" Dst="0" />
<file name="suspension_1.gif" server="C:/xampp/htdocs" local="132700914898223872" remote="132700914890000000" Dst="0" />
<file name="drive_1.gif" server="C:/xampp/htdocs" local="132700914896455926" remote="132700914890000000" Dst="0" />
<file name="cooling_1.gif" server="C:/xampp/htdocs" local="132700914896131009" remote="132700914890000000" Dst="0" />
<file name="brake_1.gif" server="C:/xampp/htdocs" local="132700914895568160" remote="132700914890000000" Dst="0" />
<file name="arm_1.gif" server="C:/xampp/htdocs" local="132700914895142831" remote="132700914890000000" Dst="0" />
<file name="body_1.gif" server="C:/xampp/htdocs" local="132700914895342986" remote="132700914890000000" Dst="0" />
<file name="ex_1.gif" server="C:/xampp/htdocs" local="132700914896904803" remote="132700914890000000" Dst="0" />
<file name="intake_1.gif" server="C:/xampp/htdocs" local="132700914897324144" remote="132700914890000000" Dst="0" />
<file name="interior_1.gif" server="C:/xampp/htdocs" local="132700914897559754" remote="132700914890000000" Dst="0" />
<file name="engine_1.gif" server="C:/xampp/htdocs" local="132700914896695302" remote="132700914890000000" Dst="0" />
<file name="other_1.gif" server="C:/xampp/htdocs" local="132700914897908805" remote="132700914890000000" Dst="0" />
<file name="wagon.gif" server="C:/xampp/htdocs/" local="132700914899901878" remote="132700914890000000" Dst="0" />
<file name="title_suspension.gif" server="C:/xampp/htdocs/" local="132700914899792165" remote="132700914890000000" Dst="0" />
<file name="title_other.gif" server="C:/xampp/htdocs/" local="132700914899682455" remote="132700914890000000" Dst="0" />
<file name="title_interior.gif" server="C:/xampp/htdocs/" local="132700914899443073" remote="132700914890000000" Dst="0" />
<file name="title_intake.gif" server="C:/xampp/htdocs/" local="132700914899333362" remote="132700914890000000" Dst="0" />
<file name="title_exterior.gif" server="C:/xampp/htdocs/" local="132700914899223676" remote="132700914890000000" Dst="0" />
<file name="title_ex.gif" server="C:/xampp/htdocs/" local="132700914899103977" remote="132700914890000000" Dst="0" />
<file name="title_drive.gif" server="C:/xampp/htdocs/" local="132700914898994276" remote="132700914890000000" Dst="0" />
<file name="title_crystallization.gif" server="C:/xampp/htdocs/" local="132700914898884581" remote="132700914890000000" Dst="0" />
<file name="title_cooling.gif" server="C:/xampp/htdocs/" local="132700914898784836" remote="132700914890000000" Dst="0" />
<file name="title_brake.gif" server="C:/xampp/htdocs/" local="132700914898662207" remote="132700914890000000" Dst="0" />
<file name="title_body.gif" server="C:/xampp/htdocs/" local="132700914898552496" remote="132700914890000000" Dst="0" />
<file name="title_arm.gif" server="C:/xampp/htdocs/" local="132700914898442757" remote="132700914890000000" Dst="0" />
<file name="strong.jpg" server="C:/xampp/htdocs/" local="132701157411073067" remote="132701157410000000" Dst="0" />
<file name="sport.gif" server="C:/xampp/htdocs/" local="132700914898114158" remote="132700914890000000" Dst="0" />
<file name="other.jpg" server="C:/xampp/htdocs/" local="132701158298834444" remote="132701158290000000" Dst="0" />
<file name="order_hp.gif" server="C:/xampp/htdocs/" local="132700914897779449" remote="132700914890000000" Dst="0" />
<file name="intake.jpg" server="C:/xampp/htdocs/" local="132701157845553923" remote="132701157840000000" Dst="0" />
<file name="exterior_2.gif" server="C:/xampp/htdocs/" local="132700914897214445" remote="132700914890000000" Dst="0" />
<file name="exterior_1.gif" server="C:/xampp/htdocs/" local="132700914897114698" remote="132700914890000000" Dst="0" />
<file name="exhaust.jpg" server="C:/xampp/htdocs/" local="132701162521964661" remote="132701162520000000" Dst="0" />
<file name="engine.jpg" server="C:/xampp/htdocs/" local="132701163062101502" remote="132701163060000000" Dst="0" />
<file name="crystallization.gif" server="C:/xampp/htdocs/" local="132700914896336253" remote="132700914890000000" Dst="0" />
<file name="car_model.gif" server="C:/xampp/htdocs/" local="132700914896021309" remote="132700914890000000" Dst="0" />
<file name="buy_1.gif" server="C:/xampp/htdocs/" local="132700914895781958" remote="132700914890000000" Dst="0" />
<file name="arm.jpg" server="C:/xampp/htdocs/" local="132701156920967792" remote="132701156920000000" Dst="0" />
<file name="1px.gif" server="C:/xampp/htdocs/" local="132700914895043096" remote="132700914890000000" Dst="0" />
<file name="suspension_2.gif" server="C:/xampp/htdocs/" local="132700914898333046" remote="132700914890000000" Dst="0" />
<file name="drive_2.gif" server="C:/xampp/htdocs/" local="132700914896565645" remote="132700914890000000" Dst="0" />
<file name="cooling_2.gif" server="C:/xampp/htdocs/" local="132700914896230743" remote="132700914890000000" Dst="0" />
<file name="brake_2.gif" server="C:/xampp/htdocs/" local="132700914895677861" remote="132700914890000000" Dst="0" />
<file name="arm_2.gif" server="C:/xampp/htdocs/" local="132700914895242560" remote="132700914890000000" Dst="0" />
<file name="body_2.gif" server="C:/xampp/htdocs/" local="132700914895452972" remote="132700914890000000" Dst="0" />
<file name="ex_2.gif" server="C:/xampp/htdocs/" local="132700914897014965" remote="132700914890000000" Dst="0" />
<file name="intake_2.gif" server="C:/xampp/htdocs/" local="132700914897450337" remote="132700914890000000" Dst="0" />
<file name="interior_2.gif" server="C:/xampp/htdocs/" local="132700914897669459" remote="132700914890000000" Dst="0" />
<file name="engine_2.gif" server="C:/xampp/htdocs/" local="132700914896804997" remote="132700914890000000" Dst="0" />
<file name="other_2.gif" server="C:/xampp/htdocs/" local="132700914898008541" remote="132700914890000000" Dst="0" />
<file name="buy_2.gif" server="C:/xampp/htdocs/" local="132700914895921585" remote="132700914890000000" Dst="0" />
<file name="sus.jpg" server="C:/xampp/htdocs/" local="132701155239211593" remote="132701155230000000" Dst="0" />
<file name="clutch.jpg" server="C:/xampp/htdocs/" local="132701156097220233" remote="132701156090000000" Dst="0" />
<file name="cooling.jpg" server="C:/xampp/htdocs/" local="132701156323849753" remote="132701156320000000" Dst="0" />
<file name="brake.jpg" server="C:/xampp/htdocs/" local="132701160567338520" remote="132701160560000000" Dst="0" />
<file name="stiffness.jpg" server="C:/xampp/htdocs/" local="132701157411073067" remote="132701157410000000" Dst="0" />
<file name="interior.jpg" server="C:/xampp/htdocs/" local="132701827550824607" remote="132701827550000000" Dst="0" />
<file name="title_main.gif" server="C:/xampp/htdocs/" local="132700914899562777" remote="132700914890000000" Dst="0" />
<file name="suspension_1.gif" server="C:/xampp/htdocs/" local="132700914898223872" remote="132700914890000000" Dst="0" />
<file name="drive_1.gif" server="C:/xampp/htdocs/" local="132700914896455926" remote="132700914890000000" Dst="0" />
<file name="cooling_1.gif" server="C:/xampp/htdocs/" local="132700914896131009" remote="132700914890000000" Dst="0" />
<file name="brake_1.gif" server="C:/xampp/htdocs/" local="132700914895568160" remote="132700914890000000" Dst="0" />
<file name="arm_1.gif" server="C:/xampp/htdocs/" local="132700914895142831" remote="132700914890000000" Dst="0" />
<file name="body_1.gif" server="C:/xampp/htdocs/" local="132700914895342986" remote="132700914890000000" Dst="0" />
<file name="ex_1.gif" server="C:/xampp/htdocs/" local="132700914896904803" remote="132700914890000000" Dst="0" />
<file name="intake_1.gif" server="C:/xampp/htdocs/" local="132700914897324144" remote="132700914890000000" Dst="0" />
<file name="interior_1.gif" server="C:/xampp/htdocs/" local="132700914897559754" remote="132700914890000000" Dst="0" />
<file name="engine_1.gif" server="C:/xampp/htdocs/" local="132700914896695302" remote="132700914890000000" Dst="0" />
<file name="other_1.gif" server="C:/xampp/htdocs/" local="132700914897908805" remote="132700914890000000" Dst="0" />
</dwsync>